{
  "2025\\06": 0,
  "2025\\06\\27": 1751048780.141724,
  "2025\\06\\28": 1751055132.1106994
}